{"XEM":85.758,"NAV":14.08698,"GTO":43.105,"WTC":2.556,"XVG":269.344,"TNB":502.497,"DNT":170.266,"CDT":424.743,"STEEM":5.30755,"AION":8.0581,"BCPT":31.862,"TNT":181.471,"VIBE":62.706,"DGD":0.066916,"ZRX":26.947,"SUB":36.926,"BCD":2.98E-4,"BCC":0.04224174,"KMD":8.705,"POA":54.935,"AE":6.88866,"IOST":439.471,"POE":339.534,"OMG":1.45858,"CMT":192.919,"BTC":0.01276179,"IOTA":19.967,"BTG":0.42958,"CND":325.185,"ARK":12.38253,"TRIG":30.30872,"RCN":134.813,"ARN":9.984,"POWR":91.333,"BTS":127.623,"KNC":7.985,"GVT":0.82898,"WINGS":59.958,"CHAT":240.779,"RLC":18.91161,"GNT":0.0,"BLZ":63.007,"SNM":104.875,"ONT":4.286,"PPT":1.27878,"SNT":173.828,"RDN":8.898,"FUN":487.512,"PIVX":6.47563,"AST":77.945,"CLOAK":2.28,"MANA":324.805,"SNGLS":361.773,"NEBL":2.77805,"QSP":97.102,"SALT":5.08283,"STORM":544.983,"ICN":16.984,"ETC":1.35877,"BNB":12.78320272,"ETH":0.33342267,"MCO":2.7,"NEO":0.066,"ZEC":0.117,"LRC":41.0,"APPC":52.05,"VEN":6.85,"ADA":62.62,"ELF":30.0,"REQ":97.0,"STORJ":21.0,"ICX":5.85,"MTH":166.0,"XZC":0.418,"GXS":5.16,"MTL":7.52,"YOYO":419.51,"BNT":3.27,"USDT":33.78486413,"QLC":149.6,"MDA":19.0,"DASH":0.047,"NANO":2.37,"EDO":19.97,"WAVES":3.28,"ADX":36.93,"AMB":29.22,"XRP":59.0,"FUEL":279.0,"WPR":236.0,"TRX":285.0,"LSK":2.82,"HSR":2.32,"NULS":9.27,"SYS":35.47,"GAS":1.05,"WABI":2.33,"LTC":0.33125,"STRAT":4.14,"ENG":10.0,"ENJ":231.0,"WAN":4.41,"EVX":18.0,"OAX":50.0,"GRS":23.0,"LEND":234.0,"DLT":68.68,"INS":16.39,"XLM":87.65,"LINK":44.0,"RPX":312.62,"QTUM":2.479,"MOD":6.53,"LUN":2.63,"EOS":1.22,"BQX":6.0,"NCASH":1198.57,"VIB":116.0,"VIA":7.13,"OST":78.75,"BAT":10.84,"BRD":26.7,"XMR":0.029,"ZIL":893.49}