{"XEM":84.768,"NAV":14.14698,"GTO":62.365,"WTC":2.086,"XVG":271.344,"TNB":366.497,"DNT":173.266,"CDT":424.743,"STEEM":4.47755,"AION":5.5481,"BCPT":32.762,"TNT":181.471,"VIBE":58.706,"DGD":0.085916,"ZRX":26.947,"SUB":36.926,"BCD":1.109298,"BCC":0.02444174,"KMD":8.725,"POA":45.955,"AE":6.99866,"IOST":439.471,"POE":340.534,"OMG":1.46858,"CMT":73.319,"BTC":0.07994798,"IOTA":16.287,"BTG":0.42958,"CND":463.785,"ARK":8.47253,"TRIG":10.63872,"RCN":238.483,"ARN":9.984,"POWR":39.193,"BTS":51.013,"KNC":7.985,"GVT":0.85898,"WINGS":29.958,"CHAT":150.779,"RLC":21.56161,"GNT":34.0,"BLZ":56.117,"SNM":104.875,"ONT":2.316,"PPT":1.52878,"SNT":174.828,"RDN":10.518,"FUN":488.512,"PIVX":3.26563,"AST":44.945,"CLOAK":2.29,"MANA":112.805,"SNGLS":179.773,"NEBL":2.37805,"QSP":84.542,"SALT":5.10283,"STORM":520.483,"ICN":16.984,"ETC":1.35877,"BNB":9.32801376,"ETH":0.34198734,"MCO":2.71,"NEO":0.226,"ZEC":0.117,"LRC":22.0,"APPC":29.78,"VEN":7.21,"ADA":93.63,"ELF":14.0,"REQ":108.0,"STORJ":21.0,"ICX":5.91,"MTH":167.0,"XZC":0.84,"GXS":5.18,"MTL":3.75,"YOYO":127.03,"BNT":7.67,"USDT":24.4863928,"QLC":150.76,"MDA":19.0,"DASH":0.047,"NANO":2.42,"EDO":7.68,"WAVES":8.93,"ADX":19.03,"AMB":27.17,"XRP":38.0,"FUEL":180.0,"WPR":233.0,"TRX":289.0,"LSK":1.4,"HSR":2.89,"NULS":8.89,"SYS":63.89,"GAS":1.05,"WABI":14.06,"LTC":0.23853,"STRAT":4.15,"ENG":10.0,"ENJ":114.0,"WAN":2.31,"EVX":18.0,"OAX":24.0,"GRS":13.0,"LEND":234.0,"DLT":69.5,"INS":16.46,"XLM":49.16,"LINK":45.0,"RPX":231.96,"QTUM":0.867,"MOD":8.31,"LUN":1.36,"EOS":1.23,"BQX":8.0,"NCASH":392.87,"VIB":85.0,"VIA":7.13,"OST":66.7,"BAT":40.8,"BRD":24.54,"XMR":0.139,"ZIL":179.62}