{"XEM":85.128,"NAV":24.43698,"GTO":52.435,"WTC":1.456,"XVG":543.344,"TNB":502.497,"DNT":328.266,"CDT":424.743,"STEEM":10.95755,"AION":8.0481,"BCPT":32.272,"TNT":181.471,"VIBE":123.706,"DGD":0.084916,"ZRX":26.947,"SUB":36.926,"BCD":1.004298,"BCC":0.04336174,"KMD":8.705,"POA":53.885,"AE":14.53866,"IOST":439.471,"POE":432.534,"OMG":1.16858,"CMT":197.529,"BTC":5.5556E-4,"IOTA":11.387,"BTG":0.42958,"CND":324.075,"ARK":8.37253,"TRIG":30.27872,"RCN":189.153,"ARN":10.984,"POWR":57.453,"BTS":126.623,"KNC":10.985,"GVT":0.82898,"WINGS":58.958,"CHAT":310.779,"RLC":18.91161,"BLZ":60.347,"SNM":175.875,"ONT":7.746,"PPT":1.27878,"SNT":173.828,"RDN":9.478,"FUN":487.512,"PIVX":6.44563,"AST":77.945,"CLOAK":2.28,"MANA":324.805,"SNGLS":360.773,"NEBL":2.76805,"QSP":181.742,"SALT":5.08283,"STORM":273.393,"ICN":16.984,"ETC":1.23877,"BNB":16.58972187,"ETH":0.31450097,"MCO":2.7,"NEO":0.43,"ZEC":0.117,"LRC":41.0,"APPC":34.98,"VEN":6.03,"ADA":109.86,"ELF":30.0,"REQ":97.0,"STORJ":21.0,"ICX":5.84,"MTH":166.0,"XZC":0.418,"GXS":6.99,"MTL":3.57,"YOYO":421.06,"BNT":5.93,"USDT":20.64704192,"QLC":149.76,"MDA":19.0,"DASH":0.047,"NANO":2.36,"EDO":11.93,"WAVES":3.27,"ADX":17.53,"AMB":56.1,"XRP":50.0,"FUEL":277.0,"WPR":236.0,"TRX":494.0,"LSK":1.48,"HSR":2.31,"NULS":10.8,"SYS":66.52,"GAS":1.05,"WABI":25.3,"LTC":0.12077,"STRAT":4.14,"ENG":10.0,"ENJ":230.0,"WAN":2.47,"EVX":18.0,"OAX":26.0,"GRS":23.0,"LEND":234.0,"DLT":68.86,"INS":16.39,"XLM":50.44,"LINK":44.0,"RPX":148.34,"QTUM":0.83,"MOD":6.58,"LUN":2.63,"EOS":2.41,"BQX":6.0,"NCASH":414.46,"VIB":116.0,"VIA":10.78,"OST":192.88,"BAT":82.07,"BRD":16.08,"XMR":0.065,"ZIL":564.85}