{"XEM":84.768,"NAV":14.14698,"GTO":106.965,"WTC":2.086,"XVG":271.344,"TNB":366.497,"DNT":173.266,"CDT":424.743,"STEEM":4.47755,"AION":4.9181,"BCPT":29.202,"TNT":181.471,"VIBE":120.706,"DGD":0.085916,"ZRX":26.947,"SUB":55.926,"BCD":1.109298,"BCC":0.04285174,"KMD":8.725,"POA":45.095,"AE":6.99866,"IOST":439.471,"POE":340.534,"OMG":1.46858,"CMT":85.709,"BTC":0.06288519,"IOTA":15.007,"BTG":0.42958,"CND":184.395,"ARK":8.43253,"TRIG":10.63872,"RCN":238.483,"ARN":9.984,"POWR":39.173,"BTS":63.463,"KNC":7.985,"GVT":0.15898,"WINGS":29.958,"CHAT":264.779,"RLC":11.77161,"GNT":31.0,"BLZ":28.867,"SNM":104.875,"ONT":2.306,"PPT":0.74878,"SNT":174.828,"RDN":10.398,"FUN":488.512,"PIVX":3.22563,"AST":44.945,"CLOAK":2.29,"MANA":353.805,"SNGLS":99.773,"NEBL":2.36805,"QSP":90.652,"SALT":5.08283,"STORM":520.483,"ICN":16.984,"ETC":1.35877,"BNB":5.63063184,"ETH":0.41556349,"MCO":2.71,"NEO":0.235,"ZEC":0.117,"LRC":38.0,"APPC":28.76,"VEN":6.04,"ADA":103.39,"ELF":14.0,"REQ":108.0,"STORJ":21.0,"ICX":5.89,"MTH":167.0,"XZC":0.84,"GXS":5.18,"MTL":3.75,"YOYO":255.66,"BNT":4.17,"USDT":36.98159223,"QLC":150.76,"MDA":19.0,"DASH":0.047,"NANO":2.39,"EDO":7.62,"WAVES":8.93,"ADX":18.09,"AMB":25.97,"XRP":38.0,"FUEL":281.0,"WPR":232.0,"TRX":287.0,"LSK":2.83,"HSR":2.89,"NULS":12.38,"SYS":56.09,"GAS":1.05,"WABI":35.99,"LTC":0.13588,"STRAT":4.15,"ENG":10.0,"ENJ":114.0,"WAN":4.53,"EVX":14.0,"OAX":24.0,"GRS":13.0,"LEND":415.0,"DLT":69.77,"INS":16.39,"XLM":87.73,"LINK":44.0,"RPX":248.7,"QTUM":0.138,"MOD":6.93,"LUN":1.31,"EOS":1.22,"BQX":6.0,"NCASH":459.79,"VIB":85.0,"VIA":7.13,"OST":77.03,"BAT":41.37,"BRD":23.8,"XMR":0.139,"ZIL":408.37}