{"XEM":84.768,"NAV":36.94698,"GTO":41.805,"WTC":2.126,"XVG":271.344,"TNB":366.497,"DNT":173.266,"CDT":424.743,"STEEM":13.02755,"AION":5.2081,"BCPT":32.762,"TNT":181.471,"VIBE":58.706,"DGD":0.165916,"ZRX":26.947,"SUB":36.926,"BCD":1.610298,"BCC":0.02537174,"KMD":8.785,"POA":45.955,"AE":14.27866,"IOST":439.471,"POE":340.534,"OMG":1.47858,"CMT":127.319,"BTC":0.04416888,"IOTA":16.287,"BTG":0.25958,"CND":328.785,"ARK":8.48253,"TRIG":31.45872,"RCN":238.483,"ARN":9.984,"POWR":39.193,"BTS":51.013,"KNC":7.985,"GVT":0.76898,"WINGS":29.958,"CHAT":150.779,"RLC":26.43161,"GNT":34.0,"BLZ":54.097,"SNM":104.875,"ONT":6.516,"PPT":1.62878,"SNT":174.828,"RDN":10.518,"FUN":488.512,"PIVX":6.37563,"AST":83.945,"CLOAK":2.33,"MANA":112.805,"SNGLS":179.773,"NEBL":3.17805,"QSP":84.542,"SALT":4.46283,"STORM":520.483,"ICN":16.984,"ETC":0.85877,"BNB":10.34815692,"ETH":0.20075743,"MCO":2.76,"NEO":0.451,"ZEC":0.117,"LRC":22.0,"APPC":33.24,"VEN":4.21,"ADA":101.38,"ELF":14.0,"REQ":108.0,"STORJ":21.0,"ICX":10.27,"MTH":167.0,"XZC":0.851,"LOOM":67.15,"GXS":7.86,"MTL":3.79,"YOYO":127.03,"BNT":7.67,"USDT":37.6694418,"QLC":150.76,"MDA":19.0,"DASH":0.049,"NANO":4.14,"EDO":14.33,"WAVES":4.5,"ADX":19.03,"AMB":27.17,"XRP":38.0,"FUEL":180.0,"WPR":233.0,"TRX":289.0,"LSK":2.52,"HSR":1.97,"NULS":8.89,"SYS":64.84,"GAS":1.0517982,"WABI":14.06,"LTC":0.19229,"STRAT":4.94,"ENG":10.0,"ENJ":114.0,"WAN":3.92,"EVX":18.0,"OAX":24.0,"GRS":13.0,"LEND":234.0,"DLT":69.5,"INS":16.55,"XLM":49.16,"LINK":45.0,"RPX":231.96,"QTUM":1.82,"MOD":8.31,"LUN":2.63,"EOS":2.43,"BQX":8.0,"NCASH":749.87,"VIB":85.0,"VIA":13.3,"OST":66.7,"BAT":40.8,"BRD":24.54,"XMR":0.171,"ZIL":179.62}