{"SKY":1.02,"XEM":98.768,"NAS":0.0,"NAV":36.45698,"GTO":88.805,"WTC":3.776,"XVG":687.344,"IOTX":328.0,"TNB":789.497,"DNT":439.266,"CDT":424.743,"DOCK":0.0,"STEEM":16.93755,"DENT":0.0,"AION":13.7181,"NPXS":0.0,"BCPT":87.762,"TNT":388.471,"VIBE":133.706,"DGD":0.191916,"ZRX":22.947,"SUB":73.926,"BCD":1.305298,"BCC":0.03082174,"KMD":16.795,"POA":58.955,"AE":9.49866,"IOST":439.471,"POE":733.534,"OMG":3.86858,"CMT":73.319,"BCN":0.0,"HOT":0.0,"BTC":0.03006189,"IOTA":17.327,"CVC":95.0,"BTG":0.63958,"CND":349.785,"ARK":12.03253,"TRIG":60.20872,"RCN":253.483,"ARN":22.984,"KEY":0.0,"POWR":87.193,"BTS":112.013,"KNC":16.985,"GVT":1.07898,"WINGS":72.958,"CHAT":371.779,"RLC":21.56161,"GNT":34.0,"SC":0.0,"BLZ":56.397,"SNM":108.875,"ONT":4.116,"PPT":3.22878,"SNT":174.828,"RDN":21.518,"FUN":488.512,"PIVX":10.83563,"ARDR":0.0,"PHX":398.96,"AST":91.945,"CLOAK":5.27,"MANA":237.805,"SNGLS":447.773,"NEBL":6.42805,"QKC":81.0,"QSP":190.322,"SALT":9.94283,"STORM":889.483,"ICN":16.984,"ETC":1.93877,"BNB":5.02791737,"ETH":3.97112549,"MCO":7.38,"NEO":0.902,"ZEC":0.176,"LRC":58.0,"APPC":63.78,"REP":0.948,"VEN":4.21,"ADA":134.49,"ELF":28.0,"REQ":221.0,"STORJ":21.0,"ICX":25.59,"MTH":373.0,"XZC":0.905,"LOOM":67.84,"ZEN":2.839,"GXS":9.78,"MTL":9.77,"VET":421.0,"YOYO":273.03,"BNT":3.67,"USDT":19.96253241,"QLC":168.76,"MDA":40.0,"DASH":0.096,"NANO":11.91,"EDO":20.06,"WAVES":11.65,"ADX":47.03,"AMB":67.17,"XRP":40.9,"FUEL":462.0,"WPR":247.0,"TRX":289.0,"LSK":3.47,"HSR":4.08,"NULS":4.89,"SYS":81.84,"TUSD":35.2,"DATA":0.0,"GAS":1.1410942,"WABI":30.06,"LTC":0.23776,"STRAT":8.56,"ENG":10.0,"THETA":80.0,"ENJ":263.0,"WAN":12.31,"EVX":20.0,"OAX":29.0,"NXS":6.75,"GRS":30.0,"LEND":505.0,"DLT":152.5,"INS":18.8,"XLM":54.41,"LINK":92.0,"MFT":0.0,"RPX":398.96,"QTUM":2.85,"MOD":18.02,"AGI":87.0,"LUN":2.13,"EOS":3.83,"BQX":12.0,"POLY":0.0,"NCASH":793.87,"VIB":191.0,"VIA":13.24,"OST":149.7,"BAT":102.67,"BRD":51.54,"HC":4.08,"XMR":0.242,"ZIL":215.62}