{"XEM":42.768,"NAV":36.19698,"GTO":88.805,"WTC":2.376,"XVG":313.344,"TNB":373.497,"DNT":203.266,"CDT":424.743,"STEEM":14.06755,"AION":6.7381,"BCPT":40.762,"TNT":181.471,"VIBE":133.706,"DGD":0.089916,"ZRX":22.947,"SUB":36.926,"BCD":1.296298,"BCC":0.02714174,"KMD":5.135,"POA":58.955,"AE":4.40866,"IOST":439.471,"POE":733.534,"OMG":2.45858,"CMT":73.319,"BCN":3057.0,"BTC":0.15904789,"IOTA":17.287,"BTG":0.29958,"CND":349.785,"ARK":5.63253,"TRIG":36.54872,"RCN":253.483,"ARN":22.984,"POWR":42.193,"BTS":112.013,"KNC":16.985,"GVT":1.98898,"WINGS":34.958,"CHAT":173.779,"RLC":12.30161,"GNT":34.0,"BLZ":56.397,"SNM":108.875,"ONT":3.716,"PPT":1.02878,"SNT":174.828,"RDN":10.518,"FUN":488.512,"PIVX":6.81563,"AST":42.945,"CLOAK":3.7,"MANA":237.805,"SNGLS":204.773,"NEBL":4.55805,"QSP":94.322,"SALT":9.85283,"STORM":889.483,"ICN":16.984,"ETC":0.95877,"BNB":7.53441314,"ETH":1.05662432,"MCO":3.3,"NEO":0.287,"ZEC":0.07,"LRC":27.0,"APPC":63.78,"REP":0.563,"VEN":4.21,"ADA":66.12,"ELF":14.0,"REQ":108.0,"STORJ":21.0,"ICX":8.77,"MTH":167.0,"XZC":0.682,"LOOM":67.84,"GXS":4.52,"MTL":4.55,"YOYO":273.03,"BNT":3.67,"USDT":47.05132057,"QLC":168.76,"MDA":19.0,"DASH":0.049,"NANO":5.85,"EDO":9.49,"WAVES":5.33,"ADX":23.03,"AMB":67.17,"XRP":40.79,"FUEL":462.0,"WPR":247.0,"TRX":289.0,"LSK":1.89,"HSR":1.83,"NULS":4.89,"SYS":38.84,"TUSD":16.0,"GAS":1.1217982,"WABI":30.06,"LTC":0.1473,"STRAT":3.05,"ENG":10.0,"ENJ":120.0,"WAN":8.99,"EVX":20.0,"OAX":29.0,"GRS":15.0,"LEND":505.0,"DLT":69.5,"INS":18.55,"XLM":54.16,"LINK":45.0,"RPX":398.96,"QTUM":1.788,"MOD":8.31,"LUN":1.01,"EOS":1.31,"BQX":6.0,"NCASH":793.87,"VIB":86.0,"VIA":14.59,"OST":149.7,"BAT":48.67,"BRD":51.54,"XMR":0.183,"ZIL":215.62}