{"ETHBTC":0.07319,"BTCETH":13.649268399213803,"LTCBTC":0.01627,"BTCLTC":61.459037551471944,"BNBBTC":0.0016112,"BTCBNB":619.8475175106923,"NEOBTC":0.008185,"BTCNEO":122.1001221001221,"QTUMETH":0.031699,"ETHQTUM":31.479207983127147,"EOSETH":0.027754,"ETHEOS":36.01137959595232,"SNTETH":2.3359E-4,"ETHSNT":4255.862450525598,"BNTETH":0.006995,"ETHBNT":142.836737608913,"BCCBTC":0.149161,"BTCBCC":6.696174475522135,"GASBTC":0.002935,"BTCGAS":339.67391304347825,"BNBETH":0.021995,"ETHBNB":45.394706977166464,"BTCUSDT":9395.65,"USDTBTC":1.0640561821664184E-4,"ETHUSDT":687.51,"USDTETH":0.0014534883720930232,"HSRBTC":0.001391,"BTCHSR":717.8750897343863,"OAXETH":0.0011664,"ETHOAX":851.5711487694796,"DNTETH":1.4421E-4,"ETHDNT":6912.760956726117,"MCOETH":0.018542,"ETHMCO":53.763440860215056,"ICNETH":0.0022542,"ETHICN":443.5573297848747,"MCOBTC":0.001362,"BTCMCO":733.6757153338224,"WTCBTC":0.0017613,"BTCWTC":566.8934240362812,"WTCETH":0.02401,"ETHWTC":41.53341363126635,"LRCBTC":8.915E-5,"BTCLRC":11185.682326621923,"LRCETH":0.00121967,"ETHLRC":818.350696007267,"QTUMBTC":0.002324,"BTCQTUM":430.10752688172045,"YOYOBTC":1.419E-5,"BTCYOYO":70422.5352112676,"OMGBTC":0.001949,"BTCOMG":512.8205128205128,"OMGETH":0.0266,"ETHOMG":37.48828491096532,"ZRXBTC":1.2555E-4,"BTCZRX":7956.082425013923,"ZRXETH":0.00171622,"ETHZRX":582.2958761806049,"STRATBTC":6.948E-4,"BTCSTRAT":1439.055979277594,"STRATETH":0.009476,"ETHSTRAT":105.0309841403214,"SNGLSBTC":1.129E-5,"BTCSNGLS":88495.57522123893,"SNGLSETH":1.5417E-4,"ETHSNGLS":6472.491909385114,"BQXBTC":3.7647E-4,"BTCBQX":2649.848958609359,"BQXETH":0.0051439,"ETHBQX":194.0391182862465,"KNCBTC":2.8349E-4,"BTCKNC":3522.118906734291,"KNCETH":0.0038732,"ETHKNC":257.2678157962439,"FUNBTC":5.03E-6,"BTCFUN":198412.6984126984,"FUNETH":6.866E-5,"ETHFUN":14526.43811737362,"SNMBTC":2.618E-5,"BTCSNM":38008.36183960471,"SNMETH":3.5701E-4,"ETHSNM":2792.8280176506732,"NEOETH":0.111763,"ETHNEO":8.932319812778577,"IOTABTC":2.1692E-4,"BTCIOTA":4605.3237542599245,"IOTAETH":0.00296376,"ETHIOTA":336.74455568239597,"LINKBTC":5.136E-5,"BTCLINK":19443.90433599067,"LINKETH":7.0023E-4,"ETHLINK":1420.5756172401057,"XVGBTC":7.68E-6,"BTCXVG":130039.01170351106,"XVGETH":1.05E-4,"ETHXVG":9509.319132750095,"SALTBTC":4.369E-4,"BTCSALT":2288.329519450801,"SALTETH":0.005948,"ETHSALT":167.33601070950468,"MDABTC":1.2931E-4,"BTCMDA":7725.587144622991,"MDAETH":0.0017621,"ETHMDA":566.1231884057971,"MTLBTC":5.414E-4,"BTCMTL":1846.7220683287167,"MTLETH":0.007398,"ETHMTL":134.62574044157245,"SUBBTC":8.567E-5,"BTCSUB":11655.011655011655,"SUBETH":0.00117157,"ETHSUB":850.4124500382686,"EOSBTC":0.0020321,"BTCEOS":491.88391539596654,"SNTBTC":1.713E-5,"BTCSNT":58343.05717619604,"ETCETH":0.031701,"ETHETC":31.44060869018424,"ETCBTC":0.00232,"BTCETC":430.10752688172045,"MTHBTC":1.35E-5,"BTCMTH":73855.24372230428,"MTHETH":1.8376E-4,"ETHMTH":5410.669840926306,"ENGBTC":2.7131E-4,"BTCENG":3679.988224037683,"ENGETH":0.003704,"ETHENG":268.74496103198067,"DNTBTC":1.058E-5,"BTCDNT":94428.70632672332,"ZECBTC":0.031629,"BTCZEC":31.585596967782692,"ZECETH":0.43053,"ETHZEC":2.312994402553546,"BNTBTC":5.1252E-4,"BTCBNT":1938.9238972370333,"ASTBTC":5.88E-5,"BTCAST":16957.775139901645,"ASTETH":8.04E-4,"ETHAST":1238.543472875898,"DASHBTC":0.053362,"BTCDASH":18.7209824771604,"DASHETH":0.7288,"ETHDASH":1.3692440403653143,"OAXBTC":8.58E-5,"BTCOAX":11618.450098756826,"ICNBTC":1.6521E-4,"BTCICN":6045.218232378189,"BTGBTC":0.008105,"BTCBTG":123.15270935960591,"BTGETH":0.110542,"ETHBTG":9.00900900900901,"EVXBTC":1.8285E-4,"BTCEVX":5455.83501554913,"EVXETH":0.0024939,"ETHEVX":398.42224789832267,"REQBTC":2.816E-5,"BTCREQ":35410.76487252124,"REQETH":3.8455E-4,"ETHREQ":2594.976126219639,"VIBBTC":2.328E-5,"BTCVIB":42900.0429000429,"VIBETH":3.1726E-4,"ETHVIB":3134.403209628887,"HSRETH":0.018955,"ETHHSR":52.631578947368425,"TRXBTC":8.82E-6,"BTCTRX":113250.2831257078,"TRXETH":1.2037E-4,"ETHTRX":8303.578842481109,"POWRBTC":5.927E-5,"BTCPOWR":16869.095816464236,"POWRETH":8.076E-4,"ETHPOWR":1234.567901234568,"ARKBTC":4.041E-4,"BTCARK":2473.410833539451,"ARKETH":0.005502,"ETHARK":180.635838150289,"YOYOETH":1.9343E-4,"ETHYOYO":5128.994204236549,"XRPBTC":9.327E-5,"BTCXRP":10715.816545220747,"XRPETH":0.00127149,"ETHXRP":785.027946994913,"MODBTC":3.185E-4,"BTCMOD":3129.8904538341158,"MODETH":0.004353,"ETHMOD":229.25263640531864,"ENJBTC":1.659E-5,"BTCENJ":60240.96385542169,"ENJETH":2.2648E-4,"ETHENJ":4413.06266548985,"STORJBTC":1.2387E-4,"BTCSTORJ":8052.1781141798865,"STORJETH":0.0016928,"ETHSTORJ":589.0322200624374,"BNBUSDT":15.1335,"USDTBNB":0.06605019815059444,"VENBNB":0.2791,"BNBVEN":3.563791874554526,"YOYOBNB":0.0088,"BNBYOYO":112.99435028248587,"POWRBNB":0.03667,"BNBPOWR":27.151778441487917,"VENBTC":4.5008E-4,"BTCVEN":2221.3830330763935,"VENETH":0.00612417,"ETHVEN":162.76703967446593,"KMDBTC":4.218E-4,"BTCKMD":2365.1844843897825,"KMDETH":0.005748,"ETHKMD":173.40038148083926,"NULSBNB":0.2478,"BNBNULS":3.9866050071758887,"RCNBTC":1.66E-5,"BTCRCN":60204.69596628538,"RCNETH":2.264E-4,"ETHRCN":4396.184112190619,"RCNBNB":0.01026,"BNBRCN":96.52509652509653,"NULSBTC":4.0058E-4,"BTCNULS":2487.933522416281,"NULSETH":0.00547888,"ETHNULS":182.15666201559992,"RDNBTC":2.4743E-4,"BTCRDN":4034.5356249495685,"RDNETH":0.0033786,"ETHRDN":295.41224779179345,"RDNBNB":0.15344,"BNBRDN":6.488450558006748,"XMRBTC":0.027693,"BTCXMR":36.10890445583881,"XMRETH":0.37822,"ETHXMR":2.6389402016150316,"DLTBNB":0.01913,"BNBDLT":52.164840897235266,"WTCBNB":1.0875,"BNBWTC":0.913575735428467,"DLTBTC":3.091E-5,"BTCDLT":32341.526520051746,"DLTETH":4.2051E-4,"ETHDLT":2370.005214011471,"AMBBTC":7.337E-5,"BTCAMB":13592.496941688189,"AMBETH":0.00100338,"ETHAMB":995.4111545773982,"AMBBNB":0.0455,"BNBAMB":21.70138888888889,"BCCETH":2.03379,"ETHBCC":0.4903547226063334,"BCCUSDT":1401.09,"USDTBCC":7.126161564334987E-4,"BCCBNB":92.62,"BNBBCC":0.010774701002047193,"BATBTC":4.965E-5,"BTCBAT":20120.72434607646,"BATETH":6.7583E-4,"ETHBAT":1473.339914251617,"BATBNB":0.03069,"BNBBAT":32.44646333549643,"BCPTBTC":6.37E-5,"BTCBCPT":15688.735487919676,"BCPTETH":8.6644E-4,"ETHBCPT":1149.4252873563219,"BCPTBNB":0.0395,"BNBBCPT":25.25890376357666,"ARNBTC":2.3467E-4,"BTCARN":4244.842516342644,"ARNETH":0.00320005,"ETHARN":309.90935151468193,"GVTBTC":0.0023572,"BTCGVT":423.42380488631073,"GVTETH":0.032153,"ETHGVT":30.950170225936244,"CDTBTC":6.52E-6,"BTCCDT":153139.35681470137,"CDTETH":8.915E-5,"ETHCDT":11156.978690170703,"GXSBTC":4.203E-4,"BTCGXS":2372.479240806643,"GXSETH":0.005746,"ETHGXS":173.13019390581718,"NEOUSDT":76.89,"USDTNEO":0.012990387113535984,"NEOBNB":5.067,"BNBNEO":0.19696671262556628,"POEBTC":6.09E-6,"BTCPOE":163934.4262295082,"POEETH":8.324E-5,"ETHPOE":12010.569300984867,"QSPBTC":2.07E-5,"BTCQSP":48146.36494944632,"QSPETH":2.8269E-4,"ETHQSP":3518.1536729524346,"QSPBNB":0.01281,"BNBQSP":77.63975155279502,"BTSBTC":3.004E-5,"BTCBTS":33189.51211417192,"BTSETH":4.1134E-4,"ETHBTS":2422.5393057002348,"BTSBNB":0.01862,"BNBBTS":53.44735435595938,"XZCBTC":0.004896,"BTCXZC":203.66598778004072,"XZCETH":0.067,"ETHXZC":14.863258026159333,"XZCBNB":3.033,"BNBXZC":0.3270111183780249,"LSKBTC":0.0012682,"BTCLSK":787.0297497245396,"LSKETH":0.017302,"ETHLSK":57.63688760806916,"LSKBNB":0.7852,"BNBLSK":1.2690355329949239,"TNTBTC":1.35E-5,"BTCTNT":74019.24500370097,"TNTETH":1.8369E-4,"ETHTNT":5422.111370167543,"FUELBTC":1.052E-5,"BTCFUEL":94966.7616334283,"FUELETH":1.4346E-4,"ETHFUEL":6934.331877123639,"MANABTC":1.656E-5,"BTCMANA":60313.63088057901,"MANAETH":2.2495E-4,"ETHMANA":4409.171075837742,"BCDBTC":0.003306,"BTCBCD":300.9328919650918,"BCDETH":0.04519,"ETHBCD":22.002200220022004,"DGDBTC":0.02937,"BTCDGD":33.97085300811903,"DGDETH":0.40144,"ETHDGD":2.4902878772786137,"IOTABNB":0.13444,"BNBIOTA":7.431629013079666,"ADXBTC":1.151E-4,"BTCADX":8685.833405715279,"ADXETH":0.001566,"ETHADX":635.0012700025401,"ADXBNB":0.07136,"BNBADX":13.986013986013987,"ADABTC":3.787E-5,"BTCADA":26392.187912377936,"ADAETH":5.1632E-4,"ETHADA":1932.3671497584544,"PPTBTC":0.0025531,"BTCPPT":390.7623773983041,