{"ETHBTC":0.080857,"BTCETH":12.35956444894882,"LTCBTC":0.016893,"BTCLTC":59.1715976331361,"BNBBTC":0.0014866,"BTCBNB":672.314105149926,"NEOBTC":0.008723,"BTCNEO":114.53441759248655,"QTUMETH":0.02815,"ETHQTUM":35.502538431497854,"EOSETH":0.022002,"ETHEOS":45.31242919932938,"SNTETH":2.1357E-4,"ETHSNT":4661.135452596252,"BNTETH":0.006562,"ETHBNT":152.16068167985392,"BCCBTC":0.156769,"BTCBCC":6.369670178478159,"GASBTC":0.003363,"BTCGAS":296.2962962962963,"BNBETH":0.018351,"ETHBNB":54.383293452251465,"BTCUSDT":9670.0,"USDTBTC":1.0341240245625138E-4,"ETHUSDT":782.0,"USDTETH":0.0012783146699391523,"HSRBTC":0.001383,"BTCHSR":722.543352601156,"OAXETH":0.0011327,"ETHOAX":875.9635599159075,"DNTETH":1.4126E-4,"ETHDNT":7055.669230226486,"MCOETH":0.014763,"ETHMCO":67.51738572682466,"ICNETH":0.0020591,"ETHICN":482.3693984853601,"MCOBTC":0.001194,"BTCMCO":835.421888053467,"WTCBTC":0.0018096,"BTCWTC":551.9982336056524,"WTCETH":0.022324,"ETHWTC":44.59507670353193,"LRCBTC":9.395E-5,"BTCLRC":10598.834128245893,"LRCETH":0.00116039,"ETHLRC":856.0178051703475,"QTUMBTC":0.002277,"BTCQTUM":438.78894251864847,"YOYOBTC":2.094E-5,"BTCYOYO":47709.923664122136,"OMGBTC":0.001853,"BTCOMG":539.3743257820928,"OMGETH":0.022925,"ETHOMG":43.54073235511821,"ZRXBTC":1.7321E-4,"BTCZRX":5767.012687427912,"ZRXETH":0.0021405,"ETHZRX":466.0462038206468,"STRATBTC":7.9E-4,"BTCSTRAT":1264.8621300278269,"STRATETH":0.009759,"ETHSTRAT":102.0512297173181,"SNGLSBTC":1.362E-5,"BTCSNGLS":73367.57153338224,"SNGLSETH":1.6803E-4,"ETHSNGLS":5917.15976331361,"BQXBTC":3.5348E-4,"BTCBQX":2827.494557072978,"BQXETH":0.0043615,"ETHBQX":228.13341241958298,"KNCBTC":2.6019E-4,"BTCKNC":3842.902159711013,"KNCETH":0.0032131,"ETHKNC":310.6168851338759,"FUNBTC":5.32E-6,"BTCFUN":187617.2607879925,"FUNETH":6.58E-5,"ETHFUN":15149.219815179518,"SNMBTC":2.829E-5,"BTCSNM":35248.50193866761,"SNMETH":3.5058E-4,"ETHSNM":2827.2547356516825,"NEOETH":0.107836,"ETHNEO":9.251549634563789,"IOTABTC":2.4994E-4,"BTCIOTA":3993.4507407851124,"IOTAETH":0.00308606,"ETHIOTA":323.48640710117365,"LINKBTC":6.083E-5,"BTCLINK":16425.7555847569,"LINKETH":7.5216E-4,"ETHLINK":1321.6150135465539,"XVGBTC":8.32E-6,"BTCXVG":120048.01920768307,"XVGETH":1.0281E-4,"ETHXVG":9709.680551509855,"SALTBTC":4.259E-4,"BTCSALT":2341.3720440177945,"SALTETH":0.005269,"ETHSALT":189.000189000189,"MDABTC":1.2851E-4,"BTCMDA":7774.2361812951885,"MDAETH":0.001586,"ETHMDA":626.1740763932373,"MTLBTC":5.469E-4,"BTCMTL":1824.8175182481752,"MTLETH":0.006744,"ETHMTL":147.92899408284023,"SUBBTC":8.477E-5,"BTCSUB":11793.843613633682,"SUBETH":0.00104553,"ETHSUB":950.3354684203524,"EOSBTC":0.0017803,"BTCEOS":561.1672278338946,"SNTBTC":1.73E-5,"BTCSNT":57770.07510109764,"ETCETH":0.028231,"ETHETC":35.32695093086516,"ETCBTC":0.002284,"BTCETC":437.4453193350831,"MTHBTC":1.456E-5,"BTCMTH":68493.1506849315,"MTHETH":1.8002E-4,"ETHMTH":5517.241379310345,"ENGBTC":3.0361E-4,"BTCENG":3289.4736842105262,"ENGETH":0.0037451,"ETHENG":265.8089896600303,"DNTBTC":1.143E-5,"BTCDNT":87260.03490401396,"ZECBTC":0.030557,"BTCZEC":32.63068589701756,"ZECETH":0.3783,"ETHZEC":2.6360880453407143,"BNTBTC":5.2948E-4,"BTCBNT":1883.0973184694185,"ASTBTC":5.239E-5,"BTCAST":19051.247856734615,"ASTETH":6.479E-4,"ETHAST":1537.751806858373,"DASHBTC":0.050058,"BTCDASH":19.97642781517809,"DASHETH":0.6189,"ETHDASH":1.6116554925219184,"OAXBTC":9.18E-5,"BTCOAX":10856.584518510477,"ICNBTC":1.6691E-4,"BTCICN":5967.655308229397,"BTGBTC":0.007738,"BTCBTG":129.01561088891756,"BTGETH":0.095752,"ETHBTG":10.384755179396645,"EVXBTC":1.8425E-4,"BTCEVX":5408.328826392645,"EVXETH":0.0022811,"ETHEVX":436.52872359001225,"REQBTC":2.911E-5,"BTCREQ":34340.65934065934,"REQETH":3.5906E-4,"ETHREQ":2777.8549404150117,"VIBBTC":2.217E-5,"BTCVIB":44964.02877697842,"VIBETH":2.74E-4,"ETHVIB":3629.6323182461615,"HSRETH":0.017075,"ETHHSR":58.29204313611192,"TRXBTC":8.88E-6,"BTCTRX":112485.9392575928,"TRXETH":1.0983E-4,"ETHTRX":9096.697898662786,"POWRBTC":5.78E-5,"BTCPOWR":17247.326664367025,"POWRETH":7.156E-4,"ETHPOWR":1388.0406418299926,"ARKBTC":3.787E-4,"BTCARK":2630.1946344029457,"ARKETH":0.004676,"ETHARK":213.4471718249733,"YOYOETH":2.5823E-4,"ETHYOYO":3863.5397751419855,"XRPBTC":9.221E-5,"BTCXRP":10843.634786380395,"XRPETH":0.0011396,"ETHXRP":876.8084173608066,"MODBTC":3.501E-4,"BTCMOD":2855.5111364934323,"MODETH":0.00432,"ETHMOD":230.467849734962,"ENJBTC":1.754E-5,"BTCENJ":56915.196357427434,"ENJETH":2.1662E-4,"ETHENJ":4596.644449551827,"STORJBTC":1.2398E-4,"BTCSTORJ":8036.647110825364,"STORJETH":0.001531,"ETHSTORJ":649.6881496881497,"BNBUSDT":14.3804,"USDTBNB":0.06952362412747852,"VENBNB":0.3699,"BNBVEN":2.6925148088314486,"YOYOBNB":0.01403,"BNBYOYO":70.87172218284904,"POWRBNB":0.0388,"BNBPOWR":25.641025641025642,"VENBTC":5.5155E-4,"BTCVEN":1813.0393792153166,"VENETH":0.00680769,"ETHVEN":146.51177441875117,"KMDBTC":4.451E-4,"BTCKMD":2240.1433691756274,"KMDETH":0.005515,"ETHKMD":180.47283883775492,"NULSBNB":0.27142,"BNBNULS":3.6507009345794392,"RCNBTC":1.748E-5,"BTCRCN":57077.625570776254,"RCNETH":2.1567E-4,"ETHRCN":4615.526631588664,"RCNBNB":0.01171,"BNBRCN":84.74576271186442,"NULSBTC":4.0555E-4,"BTCNULS":2460.811575657652,"NULSETH":0.00500013,"ETHNULS":198.82613052537818,"RDNBTC":2.4094E-4,"BTCRDN":4136.3335539377895,"RDNETH":0.0029849,"ETHRDN":333.889816360601,"RDNBNB":0.16176,"BNBRDN":6.156119182467372,"XMRBTC":0.024754,"BTCXMR":40.360011300803166,"XMRETH":0.30627,"ETHXMR":3.257328990228013,"DLTBNB":0.02336,"BNBDLT":42.42681374628765,"WTCBNB":1.2141,"BNBWTC":0.819672131147541,"DLTBTC":3.464E-5,"BTCDLT":28785.261945883703,"DLTETH":4.2914E-4,"ETHDLT":2307.763315794332,"AMBBTC":8.68E-5,"BTCAMB":11498.21777624468,"AMBETH":0.0010724,"ETHAMB":928.4102830722952,"AMBBNB":0.05817,"BNBAMB":17.094017094017094,"BCCETH":1.93816,"ETHBCC":0.5153337559070131,"BCCUSDT":1517.0,"USDTBCC":6.588483331137172E-4,"BCCBNB":105.36,"BNBBCC":0.009479571523367144,"BATBTC":5.089E-5,"BTCBAT":19611.68856638557,"BATETH":6.2998E-4,"ETHBAT":1581.1276602472883,"BATBNB":0.03418,"BNBBAT":29.095141111434394,"BCPTBTC":6.461E-5,"BTCBCPT":15422.578655151143,"BCPTETH":7.9779E-4,"ETHBCPT":1248.1278082875688,"BCPTBNB":0.04341,"BNBBCPT":22.951572182694516,"ARNBTC":1.9349E-4,"BTCARN":5154.904892004743,"ARNETH":0.00239212,"ETHARN":415.3151619106159,"GVTBTC":0.0025672,"BTCGVT":388.66648528897355,"GVTETH":0.03176,"ETHGVT":31.29106952875649,"CDTBTC":7.5E-6,"BTCCDT":133155.79227696406,"CDTETH":9.27E-5,"ETHCDT":10738.831615120274,"GXSBTC":4.402E-4,"BTCGXS":2271.178741766977,"GXSETH":0.005431,"ETHGXS":183.2508704416346,"NEOUSDT":84.256,"USDTNEO":0.011849183591250562,"NEOBNB":5.857,"BNBNEO":0.17018379850238258,"POEBTC":6.0E-6,"BTCPOE":166389.35108153077,"POEETH":7.423E-5,"ETHPOE":13449.899125756556,"QSPBTC":2.421E-5,"BTCQSP":41271.15146512588,"QSPETH":2.9881E-4,"ETHQSP":3334.111292634948,"QSPBNB":0.01622,"BNBQSP":61.46281499692686,"BTSBTC":3.647E-5,"BTCBTS":27412.280701754382,"BTSETH":4.5013E-4,"ETHBTS":2212.683099526486,"BTSBNB":0.02443,"BNBBTS":40.71661237785017,"XZCBTC":0.004616,"BTCXZC":216.54395842355999,"XZCETH":0.057007,"ETHXZC":17.469079728879883,"XZCBNB":3.095,"BNBXZC":0.32,"LSKBTC":0.0014254,"BTCLSK":701.4098337658694,"LSKETH":0.017613,"ETHLSK":56.66043401892458,"LSKBNB":0.9543,"BNBLSK":1.0409076714895389,"TNTBTC":1.404E-5,"BTCTNT":71022.72727272726,"TNTETH":1.732E-4,"ETHTNT":5741.84657785944,"FUELBTC":1.123E-5,"BTCFUEL":88967.97153024911,"FUELETH":1.3872E-4,"ETHFUEL":7180.81286801666,"MANABTC":1.858E-5,"BTCMANA":53648.06866952789,"MANAETH":2.2999E-4,"ETHMANA":4334.070125254627,"BCDBTC":0.003258,"BTCBCD":306.1849357011635,"BCDETH":0.04019,"ETHBCD":24.73410833539451,"DGDBTC":0.0274,"BTCDGD":36.43252696006995,"DGDETH":0.33923,"ETHDGD":2.937979257866439,"IOTABNB":0.1677,"BNBIOTA":5.95202666507946,"ADXBTC":1.1123E-4,"BTCADX":8964.589870013448,"ADXETH":0.0013715,"ETHADX":724.0081088908196,"ADXBNB":0.07447,"BNBADX":13.308490817141337,"ADABTC":3.752E-5,"BTCADA":26616.98163428267,"ADAETH":4.6401E-4,"ETHADA":2149.7979189956145,"PPTBTC":0.0022185,"BTCPPT":449.3978069387021,"PPTETH":0.027451,