{"ETHBTC":0.071729,"BTCETH":13.925831023966355,"LTCBTC":0.016153,"BTCLTC":61.81233774261342,"BNBBTC":0.0015365,"BTCBNB":650.5334374186833,"NEOBTC":0.008971,"BTCNEO":111.32138483802738,"QTUMETH":0.032666,"ETHQTUM":30.541811740272433,"EOSETH":0.025693,"ETHEOS":38.839476443857535,"SNTETH":2.3127E-4,"ETHSNT":4306.075873056883,"BNTETH":0.006705,"ETHBNT":148.87598630340926,"BCCBTC":0.142912,"BTCBCC":6.97350069735007,"GASBTC":0.003158,"BTCGAS":315.6565656565657,"BNBETH":0.021403,"ETHBNB":46.62656781834289,"BTCUSDT":8977.15,"USDTBTC":1.1137097672346586E-4,"ETHUSDT":643.79,"USDTETH":0.0015527950310559005,"HSRBTC":0.001172,"BTCHSR":852.5149190110827,"OAXETH":0.001324,"ETHOAX":748.9514679448772,"DNTETH":1.5343E-4,"ETHDNT":6493.506493506494,"MCOETH":0.01741,"ETHMCO":57.16245569909684,"ICNETH":0.0023072,"ETHICN":432.24551545277717,"MCOBTC":0.001249,"BTCMCO":797.4481658692185,"WTCBTC":0.001649,"BTCWTC":606.3913649869626,"WTCETH":0.022922,"ETHWTC":43.514207388712414,"LRCBTC":1.0102E-4,"BTCLRC":9868.745682423765,"LRCETH":0.00140537,"ETHLRC":709.2198581560284,"QTUMBTC":0.002349,"BTCQTUM":425.531914893617,"YOYOBTC":1.599E-5,"BTCYOYO":62500.0,"OMGBTC":0.001811,"BTCOMG":551.8763796909492,"OMGETH":0.025246,"ETHOMG":39.56478733926805,"ZRXBTC":1.2733E-4,"BTCZRX":7852.991989948169,"ZRXETH":0.00176845,"ETHZRX":563.4120232125754,"STRATBTC":7.146E-4,"BTCSTRAT":1397.0382788488403,"STRATETH":0.009928,"ETHSTRAT":99.92006394884093,"SNGLSBTC":1.214E-5,"BTCSNGLS":82304.52674897118,"SNGLSETH":1.6931E-4,"ETHSNGLS":5901.097604154373,"BQXBTC":3.8826E-4,"BTCBQX":2572.1487730850354,"BQXETH":0.0053861,"ETHBQX":184.9522823111637,"KNCBTC":2.7635E-4,"BTCKNC":3609.4567767550984,"KNCETH":0.0038469,"ETHKNC":258.9197866500958,"FUNBTC":5.13E-6,"BTCFUN":194552.52918287937,"FUNETH":7.135E-5,"ETHFUN":13986.013986013986,"SNMBTC":2.658E-5,"BTCSNM":37593.984962406015,"SNMETH":3.7093E-4,"ETHSNM":2680.533962365303,"NEOETH":0.12505,"ETHNEO":7.985817188672917,"IOTABTC":2.0655E-4,"BTCIOTA":4838.865769863544,"IOTAETH":0.00287914,"ETHIOTA":346.9054301106975,"LINKBTC":5.805E-5,"BTCLINK":17223.561832586976,"LINKETH":8.0829E-4,"ETHLINK":1233.121647450521,"XVGBTC":8.22E-6,"BTCXVG":121506.6828675577,"XVGETH":1.1442E-4,"ETHXVG":8716.875871687587,"SALTBTC":4.272E-4,"BTCSALT":2334.267040149393,"SALTETH":0.005955,"ETHSALT":167.2800267648043,"MDABTC":1.3126E-4,"BTCMDA":7611.508601004719,"MDAETH":0.001826,"ETHMDA":544.1584589432442,"MTLBTC":5.182E-4,"BTCMTL":1927.5250578257517,"MTLETH":0.007207,"ETHMTL":137.9310344827586,"SUBBTC":8.877E-5,"BTCSUB":11241.007194244605,"SUBETH":0.00123944,"ETHSUB":806.4516129032259,"EOSBTC":0.001845,"BTCEOS":541.3598960589,"SNTBTC":1.661E-5,"BTCSNT":60132.29104028864,"ETCETH":0.0323,"ETHETC":30.91094556582486,"ETCBTC":0.002318,"BTCETC":429.73785990545764,"MTHBTC":1.494E-5,"BTCMTH":66889.63210702341,"MTHETH":2.0766E-4,"ETHMTH":4800.537660217945,"ENGBTC":2.861E-4,"BTCENG":3486.0210555671756,"ENGETH":0.0039846,"ETHENG":249.24603075696018,"DNTBTC":1.101E-5,"BTCDNT":90415.91320072333,"ZECBTC":0.030366,"BTCZEC":32.92397853356599,"ZECETH":0.42184,"ETHZEC":2.362446549646814,"BNTBTC":4.8086E-4,"BTCBNT":2071.1223411966944,"ASTBTC":5.719E-5,"BTCAST":17433.751743375175,"ASTETH":7.973E-4,"ETHAST":1250.0,"DASHBTC":0.050803,"BTCDASH":19.65177062453327,"DASHETH":0.70651,"ETHDASH":1.4100195992724298,"OAXBTC":9.521E-5,"BTCOAX":10458.063166701528,"ICNBTC":1.6598E-4,"BTCICN":6024.459304777396,"BTGBTC":0.007738,"BTCBTG":129.01561088891756,"BTGETH":0.10766,"ETHBTG":9.244109191417769,"EVXBTC":1.822E-4,"BTCEVX":5473.753352673929,"EVXETH":0.0025333,"ETHEVX":393.8093175284527,"REQBTC":2.885E-5,"BTCREQ":34650.03465003465,"REQETH":4.0137E-4,"ETHREQ":2482.806564540557,"VIBBTC":2.331E-5,"BTCVIB":42753.313381787084,"VIBETH":3.2451E-4,"ETHVIB":3063.5377734207464,"HSRETH":0.01631,"ETHHSR":60.90875867949812,"TRXBTC":9.98E-6,"BTCTRX":100100.10010010011,"TRXETH":1.3902E-4,"ETHTRX":7187.52246100769,"POWRBTC":5.845E-5,"BTCPOWR":17105.713308244955,"POWRETH":8.1303E-4,"ETHPOWR":1222.030770734807,"ARKBTC":3.833E-4,"BTCARK":2594.0337224383916,"ARKETH":0.005315,"ETHARK":185.73551263001485,"YOYOETH":2.2287E-4,"ETHYOYO":4486.719310839913,"XRPBTC":8.897E-5,"BTCXRP":11237.21766490617,"XRPETH":0.00123758,"ETHXRP":806.536169114504,"MODBTC":3.01E-4,"BTCMOD":3321.1557622052474,"MODETH":0.00418,"ETHMOD":238.03856224708403,"ENJBTC":1.667E-5,"BTCENJ":59916.11743559017,"ENJETH":2.3173E-4,"ETHENJ":4303.296324984939,"STORJBTC":1.2119E-4,"BTCSTORJ":8250.82508250825,"STORJETH":0.0016881,"ETHSTORJ":591.7509911829102,"BNBUSDT":13.795,"USDTBNB":0.07246376811594203,"VENBNB":0.3136,"BNBVEN":3.1715826197272436,"YOYOBNB":0.01037,"BNBYOYO":95.51098376313276,"POWRBNB":0.0379,"BNBPOWR":26.102845210127906,"VENBTC":4.8336E-4,"BTCVEN":2068.252326783868,"VENETH":0.00673288,"ETHVEN":148.26961940671396,"KMDBTC":4.151E-4,"BTCKMD":2405.5809477988932,"KMDETH":0.005783,"ETHKMD":172.0282126268708,"NULSBNB":0.26187,"BNBNULS":3.7847248505033684,"RCNBTC":1.588E-5,"BTCRCN":62735.25721455458,"RCNETH":2.2112E-4,"ETHRCN":4503.490204908804,"RCNBNB":0.01032,"BNBRCN":96.24639076034649,"NULSBTC":4.0301E-4,"BTCNULS":2478.0076818238135,"NULSETH":0.00562154,"ETHNULS":176.20710678503085,"RDNBTC":2.3464E-4,"BTCRDN":4240.342619683671,"RDNETH":0.0032592,"ETHRDN":304.41400304414003,"RDNBNB":0.1518,"BNBRDN":6.504065040650406,"XMRBTC":0.025732,"BTCXMR":38.786750446047634,"XMRETH":0.35812,"ETHXMR":2.7834994154651227,"DLTBNB":0.02039,"BNBDLT":48.685491723466406,"WTCBNB":1.0695,"BNBWTC":0.9266123054114159,"DLTBTC":3.14E-5,"BTCDLT":31816.735602927136,"DLTETH":4.3633E-4,"ETHDLT":2275.41640120142,"AMBBTC":7.57E-5,"BTCAMB":13204.80654958405,"AMBETH":0.00105405,"ETHAMB":945.876922494845,"AMBBNB":0.04905,"BNBAMB":20.197939810139367,"BCCETH":1.99228,"ETHBCC":0.500600720865038,"BCCUSDT":1284.45,"USDTBCC":7.782706825433885E-4,"BCCBNB":93.06,"BNBBCC":0.010702054794520547,"BATBTC":4.983E-5,"BTCBAT":19996.000799840032,"BATETH":6.9507E-4,"ETHBAT":1434.3292359328161,"BATBNB":0.03235,"BNBBAT":30.56234718826406,"BCPTBTC":6.572E-5,"BTCBCPT":15197.568389057751,"BCPTETH":9.1266E-4,"ETHBCPT":1089.9182561307903,"BCPTBNB":0.04261,"BNBBCPT":23.142791020597084,"ARNBTC":2.2557E-4,"BTCARN":4421.843908910016,"ARNETH":0.00315001,"ETHARN":316.4216508350367,"GVTBTC":0.0024017,"BTCGVT":415.1961801951422,"GVTETH":0.033453,"ETHGVT":29.666548000474663,"CDTBTC":6.78E-6,"BTCCDT":147058.82352941178,"CDTETH":9.442E-5,"ETHCDT":10539.629005059021,"GXSBTC":4.251E-4,"BTCGXS":2344.116268166901,"GXSETH":0.005922,"ETHGXS":168.09547823163555,"NEOUSDT":80.435,"USDTNEO":0.01240110121778814,"NEOBNB":5.834,"BNBNEO":0.17061934823408975,"POEBTC":6.14E-6,"BTCPOE":162601.62601626015,"POEETH":8.553E-5,"ETHPOE":11657.729074376311,"QSPBTC":2.224E-5,"BTCQSP":44863.16733961418,"QSPETH":3.0873E-4,"ETHQSP":3218.1244770547723,"QSPBNB":0.01446,"BNBQSP":68.72852233676976,"BTSBTC":3.811E-5,"BTCBTS":26171.159382360638,"BTSETH":5.3133E-4,"ETHBTS":1881.9986826009222,"BTSBNB":0.0248,"BNBBTS":40.0962309542903,"XZCBTC":0.004626,"BTCXZC":215.51724137931035,"XZCETH":0.064604,"ETHXZC":15.408557913064916,"XZCBNB":3.006,"BNBXZC":0.3301419610432486,"LSKBTC":0.0013714,"BTCLSK":729.1286912139992,"LSKETH":0.019071,"ETHLSK":52.21659443371103,"LSKBNB":0.8893,"BNBLSK":1.112099644128114,"TNTBTC":1.507E-5,"BTCTNT":66225.16556291391,"TNTETH":2.105E-4,"ETHTNT":4747.88719020036,"FUELBTC":1.114E-5,"BTCFUEL":89686.09865470852,"FUELETH":1.5508E-4,"ETHFUEL":6399.18090484418,"MANABTC":1.792E-5,"BTCMANA":55772.44841048522,"MANAETH":2.499E-4,"ETHMANA":4000.640102416386,"BCDBTC":0.003443,"BTCBCD":288.85037550548816,"BCDETH":0.04787,"ETHBCD":20.802995631370916,"DGDBTC":0.029202,"BTCDGD":34.19037199124727,"DGDETH":0.4071,"ETHDGD":2.4507401235173023,"IOTABNB":0.13411,"BNBIOTA":7.438815740534107,"ADXBTC":1.0996E-4,"BTCADX":9090.90909090909,"ADXETH":0.0015278,"ETHADX":652.5711302531976,"ADXBNB":0.0711,"BNBADX":13.954786491766676,"ADABTC":3.624E-5,"BTCADA":27563.39581036384,"ADAETH":5.0541E-4,"ETHADA":1974.4895944398372,"PPTBTC":0.0025146,"BTCPPT":397.29837107667856,"PPTETH":0.035177,