{"ETHBTC":0.073534,"BTCETH":13.586402728149668,"LTCBTC":0.016133,"BTCLTC":61.919504643962846,"BNBBTC":0.00156,"BTCBNB":640.3688524590164,"NEOBTC":0.009067,"BTCNEO":110.07154650522841,"QTUMETH":0.032477,"ETHQTUM":30.72196620583717,"EOSETH":0.026352,"ETHEOS":37.89457728599037,"SNTETH":2.3408E-4,"ETHSNT":4262.756298222431,"BNTETH":0.006732,"ETHBNT":148.23599169878446,"BCCBTC":0.143805,"BTCBCC":6.945360846222766,"GASBTC":0.003232,"BTCGAS":308.9280197713933,"BNBETH":0.021186,"ETHBNB":47.16313729189266,"BTCUSDT":9001.0,"USDTBTC":1.110943235244452E-4,"ETHUSDT":661.56,"USDTETH":0.0015105740181268882,"HSRBTC":0.001201,"BTCHSR":831.946755407654,"OAXETH":0.0013059,"ETHOAX":762.4857033930614,"DNTETH":1.6105E-4,"ETHDNT":6180.469715698393,"MCOETH":0.017402,"ETHMCO":57.20496539099594,"ICNETH":0.0022651,"ETHICN":439.07793633369926,"MCOBTC":0.001279,"BTCMCO":778.816199376947,"WTCBTC":0.0017005,"BTCWTC":587.0956378794106,"WTCETH":0.023077,"ETHWTC":43.200276481769485,"LRCBTC":1.0264E-4,"BTCLRC":9721.952167995334,"LRCETH":0.00139173,"ETHLRC":716.4606842199534,"QTUMBTC":0.002393,"BTCQTUM":417.5365344467641,"YOYOBTC":1.967E-5,"BTCYOYO":50632.91139240507,"OMGBTC":0.001844,"BTCOMG":541.7118093174431,"OMGETH":0.025023,"ETHOMG":39.842224789832265,"ZRXBTC":1.3002E-4,"BTCZRX":7672.241829062452,"ZRXETH":0.00177169,"ETHZRX":564.1780771682774,"STRATBTC":7.665E-4,"BTCSTRAT":1303.9509714434737,"STRATETH":0.0104,"ETHSTRAT":95.23809523809523,"SNGLSBTC":1.283E-5,"BTCSNGLS":77821.01167315175,"SNGLSETH":1.7466E-4,"ETHSNGLS":5714.285714285715,"BQXBTC":3.8455E-4,"BTCBQX":2596.997870461746,"BQXETH":0.0052254,"ETHBQX":191.11323459149546,"KNCBTC":2.8782E-4,"BTCKNC":3473.548924936608,"KNCETH":0.0038968,"ETHKNC":255.36261491317669,"FUNBTC":5.23E-6,"BTCFUN":190839.69465648854,"FUNETH":7.105E-5,"ETHFUN":14019.346698443853,"SNMBTC":2.88E-5,"BTCSNM":34626.038781163435,"SNMETH":3.9064E-4,"ETHSNM":2553.3001404315078,"NEOETH":0.1234,"ETHNEO":8.09192425958893,"IOTABTC":2.0806E-4,"BTCIOTA":4800.537660217945,"IOTAETH":0.00282595,"ETHIOTA":352.92664419700367,"LINKBTC":6.015E-5,"BTCLINK":16619.577862722286,"LINKETH":8.1755E-4,"ETHLINK":1220.9266833526647,"XVGBTC":8.79E-6,"BTCXVG":113636.36363636363,"XVGETH":1.1942E-4,"ETHXVG":8346.548702111677,"SALTBTC":4.441E-4,"BTCSALT":2243.1583669807087,"SALTETH":0.00604,"ETHSALT":164.98927569707968,"MDABTC":1.326E-4,"BTCMDA":7537.499057812618,"MDAETH":0.0017994,"ETHMDA":552.2726017562269,"MTLBTC":5.33E-4,"BTCMTL":1873.7118231216039,"MTLETH":0.007246,"ETHMTL":137.40038472107722,"SUBBTC":9.275E-5,"BTCSUB":10767.739851405191,"SUBETH":0.00125552,"ETHSUB":791.7154891218293,"EOSBTC":0.001938,"BTCEOS":515.4904892004743,"SNTBTC":1.724E-5,"BTCSNT":57971.014492753624,"ETCETH":0.03191,"ETHETC":31.24707058713246,"ETCBTC":0.002351,"BTCETC":424.6284501061571,"MTHBTC":1.554E-5,"BTCMTH":64267.35218508997,"MTHETH":2.1065E-4,"ETHMTH":4715.424152402508,"ENGBTC":2.9712E-4,"BTCENG":3352.6670466355986,"ENGETH":0.0040315,"ETHENG":246.50578056055414,"DNTBTC":1.185E-5,"BTCDNT":84175.08417508418,"ZECBTC":0.031541,"BTCZEC":31.693711967545642,"ZECETH":0.42801,"ETHZEC":2.326717699341539,"BNTBTC":4.9551E-4,"BTCBNT":2017.7155424628238,"ASTBTC":6.08E-5,"BTCAST":16420.361247947454,"ASTETH":8.238E-4,"ETHAST":1209.6286440062902,"DASHBTC":0.05251,"BTCDASH":19.04036557501904,"DASHETH":0.71314,"ETHDASH":1.3977803248441476,"OAXBTC":9.623E-5,"BTCOAX":10371.292263015972,"ICNBTC":1.6642E-4,"BTCICN":5984.440454817474,"BTGBTC":0.00774,"BTCBTG":129.09888974954814,"BTGETH":0.10501,"ETHBTG":9.48307744829352,"EVXBTC":1.8729E-4,"BTCEVX":5334.186803221849,"EVXETH":0.002544,"ETHEVX":391.0374222813123,"REQBTC":3.019E-5,"BTCREQ":33112.58278145696,"REQETH":4.0933E-4,"ETHREQ":2431.670071004766,"VIBBTC":2.428E-5,"BTCVIB":41152.26337448559,"VIBETH":3.2905E-4,"ETHVIB":3030.3030303030305,"HSRETH":0.016291,"ETHHSR":61.05006105006105,"TRXBTC":9.77E-6,"BTCTRX":102249.48875255624,"TRXETH":1.3275E-4,"ETHTRX":7527.286413248024,"POWRBTC":6.16E-5,"BTCPOWR":16215.339711366954,"POWRETH":8.3435E-4,"ETHPOWR":1191.951940497759,"ARKBTC":3.912E-4,"BTCARK":2554.9310168625443,"ARKETH":0.005309,"ETHARK":187.68768768768768,"YOYOETH":2.6733E-4,"ETHYOYO":3713.4687511604593,"XRPBTC":9.165E-5,"BTCXRP":10903.936321011885,"XRPETH":0.00124541,"ETHXRP":802.6906189547362,"MODBTC":3.144E-4,"BTCMOD":3170.577045022194,"MODETH":0.00427,"ETHMOD":233.04591004427874,"ENJBTC":1.721E-5,"BTCENJ":58072.009291521485,"ENJETH":2.3364E-4,"ETHENJ":4271.496305155696,"STORJBTC":1.2643E-4,"BTCSTORJ":7908.264136022142,"STORJETH":0.0017141,"ETHSTORJ":580.9562539940742,"BNBUSDT":14.0499,"USDTBNB":0.07110099896903552,"VENBNB":0.3202,"BNBVEN":3.1123560535325243,"YOYOBNB":0.01262,"BNBYOYO":78.67820613690007,"POWRBNB":0.03938,"BNBPOWR":25.265285497726126,"VENBTC":5.0003E-4,"BTCVEN":1995.8884697523104,"VENETH":0.00678796,"ETHVEN":147.02768825425204,"KMDBTC":4.314E-4,"BTCKMD":2312.6734505087884,"KMDETH":0.005864,"ETHKMD":169.92353440951572,"NULSBNB":0.26852,"BNBNULS":3.6904454367642177,"RCNBTC":1.624E-5,"BTCRCN":61387.35420503376,"RCNETH":2.2063E-4,"ETHRCN":4512.22813825467,"RCNBNB":0.01042,"BNBRCN":95.60229445506691,"NULSBTC":4.2E-4,"BTCNULS":2373.6618481331147,"NULSETH":0.00572,"ETHNULS":174.30743299186508,"RDNBTC":2.393E-4,"BTCRDN":4178.680372738289,"RDNETH":0.0032527,"ETHRDN":305.81039755351685,"RDNBNB":0.15319,"BNBRDN":6.485925541574782,"XMRBTC":0.026443,"BTCXMR":37.751519498659825,"XMRETH":0.35846,"ETHXMR":2.7777777777777777,"DLTBNB":0.02292,"BNBDLT":43.15925766076823,"WTCBNB":1.0892,"BNBWTC":0.9125752874612154,"DLTBTC":3.591E-5,"BTCDLT":27770.0638711469,"DLTETH":4.8615E-4,"ETHDLT":2046.9990993203962,"AMBBTC":7.892E-5,"BTCAMB":12626.262626262625,"AMBETH":0.00107026,"ETHAMB":927.1879317218807,"AMBBNB":0.05042,"BNBAMB":19.619383951343927,"BCCETH":1.95325,"ETHBCC":0.5106756749855734,"BCCUSDT":1293.64,"USDTBCC":7.70689150238143E-4,"BCCBNB":92.22,"BNBBCC":0.010837758751490192,"BATBTC":5.555E-5,"BTCBAT":17972.681524083393,"BATETH":7.5502E-4,"ETHBAT":1319.3482419684676,"BATBNB":0.03549,"BNBBAT":27.762354247640197,"BCPTBTC":6.631E-5,"BTCBCPT":15024.038461538461,"BCPTETH":9.025E-4,"ETHBCPT":1102.8763013940356,"BCPTBNB":0.04255,"BNBBCPT":23.39728591483388,"ARNBTC":2.2744E-4,"BTCARN":4396.184112190619,"ARNETH":0.003085,"ETHARN":322.4402276428007,"GVTBTC":0.0024623,"BTCGVT":406.1078622482131,"GVTETH":0.033333,"ETHGVT":29.838276541146982,"CDTBTC":7.76E-6,"BTCCDT":128534.70437017994,"CDTETH":1.0532E-4,"ETHCDT":9460.73793755913,"GXSBTC":4.325E-4,"BTCGXS":2308.4025854108954,"GXSETH":0.00588,"ETHGXS":169.37669376693765,"NEOUSDT":81.69,"USDTNEO":0.012239003255574865,"NEOBNB":5.815,"BNBNEO":0.17140898183064793,"POEBTC":6.49E-6,"BTCPOE":153846.15384615384,"POEETH":8.839E-5,"ETHPOE":11289.23007450892,"QSPBTC":2.363E-5,"BTCQSP":42283.29809725159,"QSPETH":3.2041E-4,"ETHQSP":3108.0997078386276,"QSPBNB":0.01515,"BNBQSP":65.83278472679395,"BTSBTC":3.975E-5,"BTCBTS":25119.316754584277,"BTSETH":5.4031E-4,"ETHBTS":1845.2908178328905,"BTSBNB":0.02546,"BNBBTS":39.15426781519186,"XZCBTC":0.004757,"BTCXZC":209.64360587002096,"XZCETH":0.064546,"ETHXZC":15.411170016027617,"XZCBNB":3.043,"BNBXZC":0.3266906239790918,"LSKBTC":0.0014367,"BTCLSK":694.2515967786726,"LSKETH":0.019505,"ETHLSK":51.064698973599555,"LSKBNB":0.92,"BNBLSK":1.082485386447283,"TNTBTC":1.514E-5,"BTCTNT":66006.600660066,"TNTETH":2.0546E-4,"ETHTNT":4848.955050186684,"FUELBTC":1.17E-5,"BTCFUEL":85251.49190110827,"FUELETH":1.587E-4,"ETHFUEL":6256.647688168679,"MANABTC":1.953E-5,"BTCMANA":51150.89514066496,"MANAETH":2.647E-4,"ETHMANA":3764.7767487388,"BCDBTC":0.003461,"BTCBCD":288.0184331797235,"BCDETH":0.04697,"ETHBCD":21.1954217888936,"DGDBTC":0.030208,"BTCDGD":33.099430689792136,"DGDETH":0.40939,"ETHDGD":2.4335044898157836,"IOTABNB":0.13331,"BNBIOTA":7.478312892611426,"ADXBTC":1.15E-4,"BTCADX":8688.097306689835,"ADXETH":0.001558,"ETHADX":638.7327542156361,"ADXBNB":0.07356,"BNBADX":13.557483731019522,"ADABTC":3.941E-5,"BTCADA":25354.96957403651,"ADAETH":5.3559E-4,"ETHADA":1863.2383081796163,"PPTBTC":0.0026093,"BTCPPT":381.1701924909472,