{"ETHBTC":0.069965,"BTCETH":14.27837112342224,"LTCBTC":0.016269,"BTCLTC":61.42506142506143,"BNBBTC":0.0015253,"BTCBNB":655.4798112218143,"NEOBTC":0.00812,"BTCNEO":123.10722639418934,"QTUMETH":0.031017,"ETHQTUM":32.16157977679864,"EOSETH":0.023597,"ETHEOS":42.33162595775303,"SNTETH":2.1781E-4,"ETHSNT":4559.547692868868,"BNTETH":0.00679,"ETHBNT":146.5201465201465,"BCCBTC":0.147358,"BTCBCC":6.777042092208435,"GASBTC":0.002886,"BTCGAS":345.3038674033149,"BNBETH":0.021776,"ETHBNB":45.82951420714941,"BTCUSDT":9057.0,"USDTBTC":1.1040001236480139E-4,"ETHUSDT":633.68,"USDTETH":0.0015773119449833594,"HSRBTC":0.001041,"BTCHSR":957.8544061302682,"OAXETH":0.0011163,"ETHOAX":891.3450396648543,"DNTETH":1.5097E-4,"ETHDNT":6580.679126085812,"MCOETH":0.018296,"ETHMCO":54.359643400739294,"ICNETH":0.0021361,"ETHICN":465.2028284331968,"MCOBTC":0.00128,"BTCMCO":778.2101167315176,"WTCBTC":0.0014483,"BTCWTC":689.7027381198703,"WTCETH":0.020688,"ETHWTC":48.21833261005834,"LRCBTC":8.158E-5,"BTCLRC":12208.521548040533,"LRCETH":0.0011635,"ETHLRC":854.7446877617656,"QTUMBTC":0.002173,"BTCQTUM":459.7701149425288,"YOYOBTC":1.357E-5,"BTCYOYO":73367.57153338224,"OMGBTC":0.001745,"BTCOMG":571.7552887364209,"OMGETH":0.024914,"ETHOMG":40.0368338871762,"ZRXBTC":1.1175E-4,"BTCZRX":8930.16610108948,"ZRXETH":0.00160006,"ETHZRX":623.278193989105,"STRATBTC":6.621E-4,"BTCSTRAT":1509.8897780462025,"STRATETH":0.009455,"ETHSTRAT":105.26315789473685,"SNGLSBTC":1.006E-5,"BTCSNGLS":99009.900990099,"SNGLSETH":1.4411E-4,"ETHSNGLS":6910.850034554251,"BQXBTC":3.5794E-4,"BTCBQX":2787.0680044593087,"BQXETH":0.00512,"ETHBQX":193.62208840784555,"KNCBTC":2.1812E-4,"BTCKNC":4576.449590407762,"KNCETH":0.0031097,"ETHKNC":320.4203915537185,"FUNBTC":4.87E-6,"BTCFUN":204918.03278688525,"FUNETH":6.954E-5,"ETHFUN":14326.647564469913,"SNMBTC":2.236E-5,"BTCSNM":44583.147570218454,"SNMETH":3.1841E-4,"ETHSNM":3118.665211289568,"NEOETH":0.11601,"ETHNEO":8.607926178425094,"IOTABTC":2.0705E-4,"BTCIOTA":4819.97397214055,"IOTAETH":0.00295279,"ETHIOTA":336.3786816646708,"LINKBTC":5.053E-5,"BTCLINK":19786.307874950533,"LINKETH":7.1967E-4,"ETHLINK":1382.208215845635,"XVGBTC":7.2E-6,"BTCXVG":138696.25520110957,"XVGETH":1.027E-4,"ETHXVG":9728.572818367546,"SALTBTC":3.941E-4,"BTCSALT":2533.569799847986,"SALTETH":0.005628,"ETHSALT":177.24211272598367,"MDABTC":1.2527E-4,"BTCMDA":7961.149590000796,"MDAETH":0.001786,"ETHMDA":555.3704320781961,"MTLBTC":5.104E-4,"BTCMTL":1955.0342130987292,"MTLETH":0.007251,"ETHMTL":136.93002875530604,"SUBBTC":7.498E-5,"BTCSUB":13335.111348179758,"SUBETH":0.00107083,"ETHSUB":928.7465636377145,"EOSBTC":0.0016522,"BTCEOS":604.7777441790142,"SNTBTC":1.523E-5,"BTCSNT":65402.22367560497,"ETCETH":0.030251,"ETHETC":32.95218637756615,"ETCBTC":0.002121,"BTCETC":471.253534401508,"MTHBTC":1.27E-5,"BTCMTH":78678.20613690007,"MTHETH":1.8083E-4,"ETHMTH":5504.486156217317,"ENGBTC":2.6601E-4,"BTCENG":3756.5740045078887,"ENGETH":0.0038028,"ETHENG":262.0957173559784,"DNTBTC":1.059E-5,"BTCDNT":94339.62264150943,"ZECBTC":0.031693,"BTCZEC":31.45940164218076,"ZECETH":0.4521,"ETHZEC":2.2056066521096627,"BNTBTC":4.7412E-4,"BTCBNT":2100.884472362865,"ASTBTC":5.917E-5,"BTCAST":16832.1831341525,"ASTETH":8.47E-4,"ETHAST":1175.7789535567313,"DASHBTC":0.052949,"BTCDASH":18.85014137606032,"DASHETH":0.75656,"ETHDASH":1.3161877936744015,"OAXBTC":7.854E-5,"BTCOAX":12719.40981938438,"ICNBTC":1.5E-4,"BTCICN":6666.222251849877,"BTGBTC":0.008178,"BTCBTG":122.05541315757353,"BTGETH":0.116718,"ETHBTG":8.516871923280018,"EVXBTC":1.7036E-4,"BTCEVX":5854.80093676815,"EVXETH":0.0024274,"ETHEVX":408.09663728370873,"REQBTC":2.618E-5,"BTCREQ":38109.756097560974,"REQETH":3.748E-4,"ETHREQ":2667.876103833738,"VIBBTC":2.121E-5,"BTCVIB":47058.82352941176,"VIBETH":3.019E-4,"ETHVIB":3297.065611605671,"HSRETH":0.014938,"ETHHSR":66.81812107443538,"TRXBTC":7.83E-6,"BTCTRX":127551.02040816327,"TRXETH":1.1168E-4,"ETHTRX":8936.550491510277,"POWRBTC":5.763E-5,"BTCPOWR":17292.06294310911,"POWRETH":8.2441E-4,"ETHPOWR":1206.8403712240981,"ARKBTC":3.485E-4,"BTCARK":2859.593937660852,"ARKETH":0.004984,"ETHARK":199.76028765481422,"YOYOETH":1.9386E-4,"ETHYOYO":5136.898340781836,"XRPBTC":9.116E-5,"BTCXRP":10957.703265395572,"XRPETH":0.0013013,"ETHXRP":767.7307414743501,"MODBTC":2.843E-4,"BTCMOD":3510.00351000351,"MODETH":0.00406,"ETHMOD":245.398773006135,"ENJBTC":1.527E-5,"BTCENJ":65445.02617801047,"ENJETH":2.1752E-4,"ETHENJ":4578.964238289299,"STORJBTC":1.1704E-4,"BTCSTORJ":8539.709649871904,"STORJETH":0.0016747,"ETHSTORJ":594.3889681407513,"BNBUSDT":13.8,"USDTBNB":0.07238404076669176,"VENBNB":0.2746,"BNBVEN":3.633720930232558,"YOYOBNB":0.0089,"BNBYOYO":110.74197120708749,"POWRBNB":0.0379,"BNBPOWR":26.322716504343248,"VENBTC":4.1964E-4,"BTCVEN":2382.938162754677,"VENETH":0.00599325,"ETHVEN":166.6991730054027,"KMDBTC":4.022E-4,"BTCKMD":2477.700693756194,"KMDETH":0.005731,"ETHKMD":173.25017325017325,"NULSBNB":0.20138,"BNBNULS":4.93339911198816,"RCNBTC":1.481E-5,"BTCRCN":67204.30107526881,"RCNETH":2.1087E-4,"ETHRCN":4718.093890068412,"RCNBNB":0.0097,"BNBRCN":102.3541453428864,"NULSBTC":3.0891E-4,"BTCNULS":3233.9434706681322,"NULSETH":0.00439137,"ETHNULS":226.28427641076934,"RDNBTC":2.11E-4,"BTCRDN":4719.207173194904,"RDNETH":0.0030145,"ETHRDN":329.61961895972047,"RDNBNB":0.13815,"BNBRDN":7.163323782234957,"XMRBTC":0.029407,"BTCXMR":33.9570104248022,"XMRETH":0.41928,"ETHXMR":2.3776689333777163,"DLTBNB":0.01914,"BNBDLT":51.70630816959669,"WTCBNB":0.9455,"BNBWTC":1.0507512871703268,"DLTBTC":2.927E-5,"BTCDLT":34002.04012240734,"DLTETH":4.1879E-4,"ETHDLT":2372.3103930918323,"AMBBTC":6.568E-5,"BTCAMB":15218.383807639628,"AMBETH":9.3597E-4,"ETHAMB":1062.947766746742,"AMBBNB":0.04282,"BNBAMB":23.073373327180434,"BCCETH":2.108,"ETHBCC":0.47381912428749445,"BCCUSDT":1333.02,"USDTBCC":7.492432643030539E-4,"BCCBNB":96.51,"BNBBCC":0.010326311441553077,"BATBTC":4.613E-5,"BTCBAT":21663.77816291161,"BATETH":6.5757E-4,"ETHBAT":1516.9672790157915,"BATBNB":0.03009,"BNBBAT":32.90556103981573,"BCPTBTC":6.067E-5,"BTCBCPT":16428.45408247084,"BCPTETH":8.6751E-4,"ETHBCPT":1147.4337643859508,"BCPTBNB":0.03958,"BNBBCPT":24.975024975024976,"ARNBTC":1.7068E-4,"BTCARN":5857.544517338332,"ARNETH":0.00243518,"ETHARN":407.9717683536299,"GVTBTC":0.0023412,"BTCGVT":425.56813345816664,"GVTETH":0.033334,"ETHGVT":29.753049687592977,"CDTBTC":6.3E-6,"BTCCDT":158478.60538827258,"CDTETH":9.001E-5,"ETHCDT":11081.560283687943,"GXSBTC":3.733E-4,"BTCGXS":2678.093197643278,"GXSETH":0.005337,"ETHGXS":187.0907390084191,"NEOUSDT":73.5,"USDTNEO":0.013596193065941536,"NEOBNB":5.31,"BNBNEO":0.18751171948246764,"POEBTC":5.8E-6,"BTCPOE":172117.0395869191,"POEETH":8.295E-5,"ETHPOE":12035.142616440004,"QSPBTC":2.035E-5,"BTCQSP":48971.59647404505,"QSPETH":2.9148E-4,"ETHQSP":3419.855682090216,"QSPBNB":0.01335,"BNBQSP":74.51564828614009,"BTSBTC":2.899E-5,"BTCBTS":34317.08991077557,"BTSETH":4.1416E-4,"ETHBTS":2412.137877801095,"BTSBNB":0.019,"BNBBTS":52.27391531625718,"XZCBTC":0.00455,"BTCXZC":218.8662727073758,"XZCETH":0.064975,"ETHXZC":15.277905093653558,"XZCBNB":2.972,"BNBXZC":0.33377837116154874,"LSKBTC":0.0012533,"BTCLSK":796.4954201513341,"LSKETH":0.01793,"ETHLSK":55.5926173004225,"LSKBNB":0.823,"BNBLSK":1.2045290291496025,"TNTBTC":1.219E-5,"BTCTNT":81766.14881439085,"TNTETH":1.7448E-4,"ETHTNT":5710.370031978073,"FUELBTC":1.013E-5,"BTCFUEL":98522.16748768474,"FUELETH":1.4483E-4,"ETHFUEL":6874.742197167606,"MANABTC":1.405E-5,"BTCMANA":71022.72727272726,"MANAETH":2.0091E-4,"ETHMANA":4958.84161459883,"BCDBTC":0.00324,"BTCBCD":307.6923076923077,"BCDETH":0.04623,"ETHBCD":21.50537634408602,"DGDBTC":0.029545,"BTCDGD":33.832932976959775,"DGDETH":0.42105,"ETHDGD":2.3650726077290574,"IOTABNB":0.1356,"BNBIOTA":7.328691828508612,"ADXBTC":1.0596E-4,"BTCADX":9400.263207369806,"ADXETH":0.001508,"ETHADX":657.5486586007364,"ADXBNB":0.06951,"BNBADX":14.295925661186562,"ADABTC":3.089E-5,"BTCADA":32351.989647363313,"ADAETH":4.4038E-4,"ETHADA":2264.1338555935426,"PPTBTC":0.0025086,"BTCPPT":397.456279809221,"PPTETH":0.03567,